display_name,yahoo_symbol,exchange,type,company_name
3MINDIA,3MINDIA.BO,BSE,equity,3M India Limited
A2ZINFRA,A2ZINFRA.BO,BSE,equity,A2Z Infra Engineering Limited
AAATECH,AAATECH.BO,BSE,equity,AAA Technologies Limited
AADHARHFC,AADHARHFC.BO,BSE,equity,Aadhar Housing Finance Limited
AAREYDRUGS,AAREYDRUGS.BO,BSE,equity,Aarey Drugs & Pharmaceuticals Limited
AARTISURF,AARTISURF.BO,BSE,equity,Aarti Surfactants Limited
AAVAS,AAVAS.BO,BSE,equity,Aavas Financiers Limited
ABAN,ABAN.BO,BSE,equity,Aban Offshore Limited
ABBOTINDIA,ABBOTINDIA.BO,BSE,equity,Abbott India Limited
ABFRL,ABFRL.BO,BSE,equity,Aditya Birla Fashion and Retail Limited
ABREL,ABREL.BO,BSE,equity,Aditya Birla Real Estate Limited
ABSLAMC,ABSLAMC.BO,BSE,equity,Aditya Birla Sun Life AMC Limited
ABSLNN50ET,ABSLNN50ET.BO,BSE,equity,
ACC,ACC.BO,BSE,equity,ACC Limited
ACE,ACE.BO,BSE,equity,Action Construction Equipment Limited
ACI,ACI.BO,BSE,equity,Archean Chemical Industries Limited
ACL,ACL.BO,BSE,equity,Andhra Cements Limited
ACMESOLAR,ACMESOLAR.BO,BSE,equity,Acme Solar Holdings Limited
ACUTAAS,ACUTAAS.BO,BSE,equity,Acutaas Chemicals Limited
ADANIENSOL,ADANIENSOL.BO,BSE,equity,Adani Energy Solutions Limited
ADANIGREEN,ADANIGREEN.BO,BSE,equity,Adani Green Energy Limited
ADANIPOWER,ADANIPOWER.BO,BSE,equity,Adani Power Limited
ADL,ADL.BO,BSE,equity,Archidply Decor Limited
ADSL,ADSL.BO,BSE,equity,Allied Digital Services Limited
ADVAIT,ADVAIT.BO,BSE,equity,Advait Energy Transitions Limited
ADVENZYMES,ADVENZYMES.BO,BSE,equity,Advanced Enzyme Technologies Limited
AEGISLOG,AEGISLOG.BO,BSE,equity,Aegis Logistics Limited
AEQUS,AEQUS.BO,BSE,equity,Aequs Limited
AEROENTER,AEROENTER.BO,BSE,equity,Aeroflex Enterprises Limited
AEROFLEX,AEROFLEX.BO,BSE,equity,Aeroflex Industries Limited
AERONEU,AERONEU.BO,BSE,equity,Aeroflex Neu Limited
AETHER,AETHER.BO,BSE,equity,Aether Industries Limited
AFFORDABLE,AFFORDABLE.BO,BSE,equity,Affordable Robotic & Automation Limited
AFIL,AFIL.BO,BSE,equity,Akme Fintrade (India) Limited
AFSL,AFSL.BO,BSE,equity,Abans Financial Services Limited
AGARIND,AGARIND.BO,BSE,equity,Agarwal Industrial Corporation Limited
AGRITECH,AGRITECH.BO,BSE,equity,Agri-Tech (India) Limited
AIIL,AIIL.BO,BSE,equity,Authum Investment & Infrastructure Limited
AJMERA,AJMERA.BO,BSE,equity,Ajmera Realty & Infra India Limited
AKI,AKI.BO,BSE,equity,AKI India Limited
AKSHAR,AKSHAR.BO,BSE,equity,Akshar Spintex Limited
AKSHOPTFBR,AKSHOPTFBR.BO,BSE,equity,Aksh Optifibre Limited
AKZOINDIA,AKZOINDIA.BO,BSE,equity,Akzo Nobel India Limited
ALBERTDAVD,ALBERTDAVD.BO,BSE,equity,Albert David Limited
ALGOQUANT,ALGOQUANT.BO,BSE,equity,Algoquant Fintech Limited
ALIVUS,ALIVUS.BO,BSE,equity,Alivus Life Sciences Limited
ALLDIGI,ALLDIGI.BO,BSE,equity,Alldigi Tech Limited
ALLTIME,ALLTIME.BO,BSE,equity,All Time Plastics Limited
ALPA,ALPA.BO,BSE,equity,Alpa Laboratories Limited
ALPHA,ALPHA.BO,BSE,equity,
ALPHAETF,ALPHAETF.BO,BSE,equity,
ALPHAGEO,ALPHAGEO.BO,BSE,equity,Alphageo (India) Limited
ALPL30IETF,ALPL30IETF.BO,BSE,equity,
AMANTA,AMANTA.BO,BSE,equity,Amanta Healthcare Limited
AMBER,AMBER.BO,BSE,equity,Amber Enterprises India Limited
AMBICAAGAR,AMBICAAGAR.BO,BSE,equity,Ambica Agarbathies & Aroma industries Limited
ANGELONE,ANGELONE.BO,BSE,equity,Angel One Limited
ANURAS,ANURAS.BO,BSE,equity,Anupam Rasayan India Limited
APARINDS,APARINDS.BO,BSE,equity,Apar Industries Limited
APCOTEXIND,APCOTEXIND.BO,BSE,equity,Apcotex Industries Limited
APEX,APEX.BO,BSE,equity,Apex Frozen Foods Limited
APLLTD,APLLTD.BO,BSE,equity,Alembic Pharmaceuticals Limited
APOLLO,APOLLO.BO,BSE,equity,Apollo Micro Systems Limited
APTECHT,APTECHT.BO,BSE,equity,Aptech Limited
APTUS,APTUS.BO,BSE,equity,Aptus Value Housing Finance India Limited
AQYLON,AQYLON.BO,BSE,equity,Aqylon Nexus Limited
ARCHIDPLY,ARCHIDPLY.BO,BSE,equity,Archidply Industries Limited
ARIES,ARIES.BO,BSE,equity,Aries Agro Limited
ARIHANTSUP,ARIHANTSUP.BO,BSE,equity,Arihant Superstructures Limited
ARIS,ARIS.BO,BSE,equity,Arisinfra Solutions Limited
ARKADE,ARKADE.BO,BSE,equity,Arkade Developers Limited
AROGRANITE,AROGRANITE.BO,BSE,equity,Aro Granite Industries Limited
ARVSMART,ARVSMART.BO,BSE,equity,Arvind SmartSpaces Limited
ASAHISONG,ASAHISONG.BO,BSE,equity,Asahi Songwon Colors Limited
ASAL,ASAL.BO,BSE,equity,Automotive Stampings and Assemblies Limited
ASHAPURMIN,ASHAPURMIN.BO,BSE,equity,Ashapura Minechem Limited
ASHIANA,ASHIANA.BO,BSE,equity,Ashiana Housing Limited
ASHIMASYN,ASHIMASYN.BO,BSE,equity,Ashima Limited
ASHOKA,ASHOKA.BO,BSE,equity,Ashoka Buildcon Limited
ASHOKLEY,ASHOKLEY.BO,BSE,equity,Ashok Leyland Limited
ASIANENE,ASIANENE.BO,BSE,equity,Asian Energy Services Limited
ASIANTILES,ASIANTILES.BO,BSE,equity,Asian Granito India Limited
ASKAUTOLTD,ASKAUTOLTD.BO,BSE,equity,ASK Automotive Limited
ASTEC,ASTEC.BO,BSE,equity,Astec LifeSciences Limited
ASTRAZEN,ASTRAZEN.BO,BSE,equity,AstraZeneca Pharma India Limited
ATALREAL,ATALREAL.BO,BSE,equity,Atal Realtech Limited
ATGL,ATGL.BO,BSE,equity,Adani Total Gas Limited
ATLANTAA,ATLANTAA.BO,BSE,equity,ATLANTAA LIMITED
ATLANTAELE,ATLANTAELE.BO,BSE,equity,Atlanta Electricals Limited
ATLASCYCLE,ATLASCYCLE.BO,BSE,equity,Atlas Cycles (Haryana) Limited
ATUL,ATUL.BO,BSE,equity,Atul Limited
ATULAUTO,ATULAUTO.BO,BSE,equity,Atul Auto Limited
AUBANK,AUBANK.BO,BSE,equity,AU Small Finance Bank Limited
AURIONPRO,AURIONPRO.BO,BSE,equity,Aurionpro Solutions Limited
AUROPHARMA,AUROPHARMA.BO,BSE,equity,Aurobindo Pharma Limited
AURUM,AURUM.BO,BSE,equity,Aurum PropTech Limited
AUTOIETF,AUTOIETF.BO,BSE,equity,
AUTOIND,AUTOIND.BO,BSE,equity,Autoline Industries Limited
AVALON,AVALON.BO,BSE,equity,Avalon Technologies Limited
AVANTIFEED,AVANTIFEED.BO,BSE,equity,Avanti Feeds Limited
AVG,AVG.BO,BSE,equity,AVG Logistics Limited
AVTNPL,AVTNPL.BO,BSE,equity,AVT Natural Products Limited
AWFIS,AWFIS.BO,BSE,equity,Awfis Space Solutions Limited
AWL,AWL.BO,BSE,equity,AWL Agri Business Limited
AXISCADES,AXISCADES.BO,BSE,equity,AXISCADES Technologies Limited
AXISGOLD,AXISGOLD.BO,BSE,equity,
AXISHCETF,AXISHCETF.BO,BSE,equity,
AXISTECETF,AXISTECETF.BO,BSE,equity,
AXITA,AXITA.BO,BSE,equity,Axita Cotton Limited
AXSENSEX,AXSENSEX.BO,BSE,equity,
AYE,AYE.BO,BSE,equity,Aye Finance Limited
AYMSYNTEX,AYMSYNTEX.BO,BSE,equity,AYM Syntex Limited
BAGFILMS,BAGFILMS.BO,BSE,equity,B.A.G Films and Media Limited
BAIDFIN,BAIDFIN.BO,BSE,equity,Baid Finserv Limited
BAJAJCON,BAJAJCON.BO,BSE,equity,Bajaj Consumer Care Limited
BAJAJELEC,BAJAJELEC.BO,BSE,equity,Bajaj Electricals Limited
BAJAJFINSV,BAJAJFINSV.BO,BSE,equity,Bajaj Finserv Limited
BAJAJHCARE,BAJAJHCARE.BO,BSE,equity,Bajaj Healthcare Limited
BAJAJINDEF,BAJAJINDEF.BO,BSE,equity,Indef Manufacturing Limited
BAJEL,BAJEL.BO,BSE,equity,Bajel Projects Limited
BALAJEE,BALAJEE.BO,BSE,equity,Shree Tirupati Balajee Agro Trading Company Limited
BALAMINES,BALAMINES.BO,BSE,equity,Balaji Amines Limited
BALKRISHNA,BALKRISHNA.BO,BSE,equity,Balkrishna Paper Mills Limited
BALMLAWRIE,BALMLAWRIE.BO,BSE,equity,Balmer Lawrie & Company Limited
BALRAMCHIN,BALRAMCHIN.BO,BSE,equity,Balrampur Chini Mills Limited
BALUFORGE,BALUFORGE.BO,BSE,equity,Balu Forge Industries Limited
BANARBEADS,BANARBEADS.BO,BSE,equity,Banaras Beads Limited
BANARISUG,BANARISUG.BO,BSE,equity,Bannari Amman Sugars Limited
BANKADD,BANKADD.BO,BSE,equity,
BANKBEES,BANKBEES.BO,BSE,equity,
BANKBETA,BANKBETA.BO,BSE,equity,
BANKETF,BANKETF.BO,BSE,equity,
BANKIETF,BANKIETF.BO,BSE,equity,
BANKINDIA,BANKINDIA.BO,BSE,equity,Bank of India
BANKNIFTY1,BANKNIFTY1.BO,BSE,equity,
BANKPSU,BANKPSU.BO,BSE,equity,
BANSALWIRE,BANSALWIRE.BO,BSE,equity,Bansal Wire Industries Limited
BANSWRAS,BANSWRAS.BO,BSE,equity,Banswara Syntex Limited
BASF,BASF.BO,BSE,equity,BASF India Limited
BATAINDIA,BATAINDIA.BO,BSE,equity,Bata India Limited
BBNPNBETF,BBNPNBETF.BO,BSE,equity,
BBTC,BBTC.BO,BSE,equity,The Bombay Burmah Trading Corporation Limited
BBTCL,BBTCL.BO,BSE,equity,B&B Triplewall Containers Limited
BCG,BCG.BO,BSE,equity,Brightcom Group Limited
BCONCEPTS,BCONCEPTS.BO,BSE,equity,Brand Concepts Limited
BDL,BDL.BO,BSE,equity,Bharat Dynamics Limited
BEPL,BEPL.BO,BSE,equity,Bhansali Engineering Polymers Limited
BESTAGRO,BESTAGRO.BO,BSE,equity,Best Agrolife Limited
BFINVEST,BFINVEST.BO,BSE,equity,BF Investment Limited
BFSI,BFSI.BO,BSE,equity,
BFUTILITIE,BFUTILITIE.BO,BSE,equity,BF Utilities Limited
BHAGCHEM,BHAGCHEM.BO,BSE,equity,Bhagiradha Chemicals & Industries Limited
BHAGERIA,BHAGERIA.BO,BSE,equity,Bhageria Industries Limited
BHAGYANGR,BHAGYANGR.BO,BSE,equity,Bhagyanagar India Limited
BHARATCOAL,BHARATCOAL.BO,BSE,equity,Bharat Coking Coal Limited
BHARTIHEXA,BHARTIHEXA.BO,BSE,equity,Bharti Hexacom Limited
BHEL,BHEL.BO,BSE,equity,Bharat Heavy Electricals Limited
BIGBLOC,BIGBLOC.BO,BSE,equity,Bigbloc Construction Limited
BIOCON,BIOCON.BO,BSE,equity,Biocon Limited
BLACKBUCK,BLACKBUCK.BO,BSE,equity,BLACKBUCK LIMITED
BLAL,BLAL.BO,BSE,equity,BEML Land Assets Limited
BLKASHYAP,BLKASHYAP.BO,BSE,equity,B. L. Kashyap and Sons Limited
BLSE,BLSE.BO,BSE,equity,BLS E-Services Limited
BLUECHIP,BLUECHIP.BO,BSE,equity,
BLUECOAST,BLUECOAST.BO,BSE,equity,Blue Coast Hotels Limited
BLUEJET,BLUEJET.BO,BSE,equity,Blue Jet Healthcare Limited
BLUESTARCO,BLUESTARCO.BO,BSE,equity,Blue Star Limited
BOMDYEING,BOMDYEING.BO,BSE,equity,Bombay Dyeing & Mfg Company Limited
BORANA,BORANA.BO,BSE,equity,Borana Weaves Limited
BOROLTD,BOROLTD.BO,BSE,equity,Borosil Limited
BORORENEW,BORORENEW.BO,BSE,equity,BOROSIL RENEWABLES LIMITED
BOROSCI,BOROSCI.BO,BSE,equity,Borosil Scientific Limited
BOSCH-HCIL,BOSCH-HCIL.BO,BSE,equity,BOSCH HOME COMFORT INDIA LIMITED
BOSCHLTD,BOSCHLTD.BO,BSE,equity,Bosch Limited
BPCL,BPCL.BO,BSE,equity,Bharat Petroleum Corporation Limited
BRIGHOTEL,BRIGHOTEL.BO,BSE,equity,Brigade Hotel Ventures Limited
BSE500IETF,BSE500IETF.BO,BSE,equity,
BSHSL,BSHSL.BO,BSE,equity,Bombay Super Hybrid Seeds Limited
BSL,BSL.BO,BSE,equity,BSL Limited
BSLGOLDETF,BSLGOLDETF.BO,BSE,equity,
BUILDPRO,BUILDPRO.BO,BSE,equity,Shankara Buildpro Limited
BURNPUR,BURNPUR.BO,BSE,equity,
BUTTERFLY,BUTTERFLY.BO,BSE,equity,Butterfly Gandhimathi Appliances Limited
BYKE,BYKE.BO,BSE,equity,The Byke Hospitality Ltd
CALSOFT,CALSOFT.BO,BSE,equity,California Software Company Limited
CAMLINFINE,CAMLINFINE.BO,BSE,equity,Camlin Fine Sciences Limited
CAMPUS,CAMPUS.BO,BSE,equity,Campus Activewear Limited
CANFINHOME,CANFINHOME.BO,BSE,equity,Can Fin Homes Limited
CAPACITE,CAPACITE.BO,BSE,equity,Capacit'e Infraprojects Limited
CARBORUNIV,CARBORUNIV.BO,BSE,equity,Carborundum Universal Limited
CASTROLIND,CASTROLIND.BO,BSE,equity,Castrol India Limited
CCCL,CCCL.BO,BSE,equity,Consolidated Construction Consortium Limited
CEATLTD,CEATLTD.BO,BSE,equity,CEAT Limited
CEIGALL,CEIGALL.BO,BSE,equity,Ceigall India Limited
CELLO,CELLO.BO,BSE,equity,Cello World Limited
CENTENKA,CENTENKA.BO,BSE,equity,Century Enka Limited
CENTEXT,CENTEXT.BO,BSE,equity,Century Extrusions Limited
CENTRALBK,CENTRALBK.BO,BSE,equity,Central Bank of India
CENTURYPLY,CENTURYPLY.BO,BSE,equity,Century Plyboards (India) Limited
CERA,CERA.BO,BSE,equity,Cera Sanitaryware Limited
CEREBRAINT,CEREBRAINT.BO,BSE,equity,Cerebra Integrated Technologies Limited
CESC,CESC.BO,BSE,equity,CESC Limited
CEWATER,CEWATER.BO,BSE,equity,Concord Enviro Systems Limited
CGCL,CGCL.BO,BSE,equity,Capri Global Capital Limited
CGPOWER,CGPOWER.BO,BSE,equity,CG Power and Industrial Solutions Limited
CHALET,CHALET.BO,BSE,equity,Chalet Hotels Limited
CHAMBLFERT,CHAMBLFERT.BO,BSE,equity,Chambal Fertilizers & Chemicals Limited
CHEMBOND,CHEMBOND.BO,BSE,equity,Chembond Material Technologies Limited
CHEMBONDCH,CHEMBONDCH.BO,BSE,equity,Chembond Chemicals Limited
CHEMCON,CHEMCON.BO,BSE,equity,Chemcon Speciality Chemicals Limited
CHEMPLASTS,CHEMPLASTS.BO,BSE,equity,Chemplast Sanmar Limited
CHENNPETRO,CHENNPETRO.BO,BSE,equity,Chennai Petroleum Corporation Limited
CHEVIOT,CHEVIOT.BO,BSE,equity,Cheviot Company Limited
CHOICEGOLD,CHOICEGOLD.BO,BSE,equity,
CHOLAFIN,CHOLAFIN.BO,BSE,equity,Cholamandalam Investment and Finance Company Limited
CINELINE,CINELINE.BO,BSE,equity,Cineline India Limited
CINEVISTA,CINEVISTA.BO,BSE,equity,Cinevista Limited
CIPLA,CIPLA.BO,BSE,equity,Cipla Limited
CLEDUCATE,CLEDUCATE.BO,BSE,equity,CL Educate Limited
CLSEL,CLSEL.BO,BSE,equity,Chaman Lal Setia Exports Limited
CMSINFO,CMSINFO.BO,BSE,equity,CMS Info Systems Limited
CNL,CNL.BO,BSE,equity,Creative Newtech Limited
COALINDIA,COALINDIA.BO,BSE,equity,Coal India Limited
COCHINSHIP,COCHINSHIP.BO,BSE,equity,Cochin Shipyard Limited
COFFEEDAY,COFFEEDAY.BO,BSE,equity,Coffee Day Enterprises Limited
COFORGE,COFORGE.BO,BSE,equity,Coforge Limited
COLPAL,COLPAL.BO,BSE,equity,Colgate Palmolive (India) Limited
COMMOIETF,COMMOIETF.BO,BSE,equity,
COMPUSOFT,COMPUSOFT.BO,BSE,equity,Compucom Software Limited
COMSYN,COMSYN.BO,BSE,equity,Commercial Syn Bags Limited
CONFIPET,CONFIPET.BO,BSE,equity,Confidence Petroleum India Limited
CONSUMER,CONSUMER.BO,BSE,equity,
CORDSCABLE,CORDSCABLE.BO,BSE,equity,Cords Cable Industries Limited
COUNCODOS,COUNCODOS.BO,BSE,equity,Country Condo's Limited
CREATIVEYE,CREATIVEYE.BO,BSE,equity,Creative Eye Limited
CREDITACC,CREDITACC.BO,BSE,equity,CREDITACCESS GRAMEEN LIMITED
CREST,CREST.BO,BSE,equity,Crest Ventures Limited
CROMPTON,CROMPTON.BO,BSE,equity,Crompton Greaves Consumer Electricals Limited
CSBBANK,CSBBANK.BO,BSE,equity,CSB Bank Limited
CUB,CUB.BO,BSE,equity,City Union Bank Limited
CUBEXTUB,CUBEXTUB.BO,BSE,equity,Cubex Tubings Limited
CURAA,CURAA.BO,BSE,equity,Cura Technologies Limited
CYBERMEDIA,CYBERMEDIA.BO,BSE,equity,Cyber Media (India) Limited
DABUR,DABUR.BO,BSE,equity,Dabur India Limited
DAMCAPITAL,DAMCAPITAL.BO,BSE,equity,Dam Capital Advisors Limited
DAMODARIND,DAMODARIND.BO,BSE,equity,Damodar Industries Limited
DATAMATICS,DATAMATICS.BO,BSE,equity,Datamatics Global Services Limited
DAVANGERE,DAVANGERE.BO,BSE,equity,Davangere Sugar Company Limited
DBCORP,DBCORP.BO,BSE,equity,D.B.Corp Limited
DBOL,DBOL.BO,BSE,equity,Dhampur Bio Organics Limited
DBSTOCKBRO,DBSTOCKBRO.BO,BSE,equity,DB (International) Stock Brokers Limited
DCAL,DCAL.BO,BSE,equity,Dishman Carbogen Amcis Limited
DCI,DCI.BO,BSE,equity,Dc Infotech And Communication Limited
DCM,DCM.BO,BSE,equity,DCM  Limited
DCMNVL,DCMNVL.BO,BSE,equity,DCM Nouvelle Limited
DCMSHRIRAM,DCMSHRIRAM.BO,BSE,equity,DCM Shriram Limited
DCW,DCW.BO,BSE,equity,DCW Limited
DCXINDIA,DCXINDIA.BO,BSE,equity,DCX Systems Limited
DDEVPLSTIK,DDEVPLSTIK.BO,BSE,equity,Ddev Plastiks Industries Limited
DECCANCE,DECCANCE.BO,BSE,equity,Deccan Cements Limited
DEEPAKFERT,DEEPAKFERT.BO,BSE,equity,Deepak Fertilizers and Petrochemicals Corporation Limited
DEEPAKNTR,DEEPAKNTR.BO,BSE,equity,Deepak Nitrite Limited
DEEPINDS,DEEPINDS.BO,BSE,equity,Deep Industries Limited
DELHIVERY,DELHIVERY.BO,BSE,equity,Delhivery Limited
DEN,DEN.BO,BSE,equity,Den Networks Limited
DEVIT,DEVIT.BO,BSE,equity,Dev Information Technology Limited
DEVYANI,DEVYANI.BO,BSE,equity,Devyani International Limited
DHAMPURSUG,DHAMPURSUG.BO,BSE,equity,Dhampur Sugar Mills Limited
DHARMAJ,DHARMAJ.BO,BSE,equity,Dharmaj Crop Guard Limited
DHRUV,DHRUV.BO,BSE,equity,Dhruv Consultancy Services Limited
DIAMINESQ,DIAMINESQ.BO,BSE,equity,Diamines & Chemicals Limited
DIAMONDYD,DIAMONDYD.BO,BSE,equity,Prataap Snacks Limited
DICIND,DICIND.BO,BSE,equity,DIC India Limited
DIGIDRIVE,DIGIDRIVE.BO,BSE,equity,Digidrive Distributors Limited
DIGITIDE,DIGITIDE.BO,BSE,equity,Digitide Solutions Limited
DIGJAMLMTD,DIGJAMLMTD.BO,BSE,equity,Digjam Limited
DISHTV,DISHTV.BO,BSE,equity,Dish TV India Limited
DIVGIITTS,DIVGIITTS.BO,BSE,equity,Divgi Torqtransfer Systems Limited
DIVIDEND,DIVIDEND.BO,BSE,equity,
DIXON,DIXON.BO,BSE,equity,Dixon Technologies (India) Limited
DJML,DJML.BO,BSE,equity,DJ Mediaprint & Logistics Limited
DNAMEDIA,DNAMEDIA.BO,BSE,equity,Diligent Media Corporation Limited
DOLLAR,DOLLAR.BO,BSE,equity,Dollar Industries Limited
DONEAR,DONEAR.BO,BSE,equity,Donear Industries Limited
DRCSYSTEMS,DRCSYSTEMS.BO,BSE,equity,DRC Systems India Limited
DREAMFOLKS,DREAMFOLKS.BO,BSE,equity,Dreamfolks Services Limited
DREDGECORP,DREDGECORP.BO,BSE,equity,Dredging Corporation of India Limited
DRREDDY,DRREDDY.BO,BSE,equity,Dr. Reddy's Laboratories Limited
DTIL,DTIL.BO,BSE,equity,Dhunseri Tea & Industries Limited
DWARKESH,DWARKESH.BO,BSE,equity,Dwarikesh Sugar Industries Limited
DYNPRO,DYNPRO.BO,BSE,equity,Dynemic Products Limited
EASEMYTRIP,EASEMYTRIP.BO,BSE,equity,Easy Trip Planners Limited
EBGNG,EBGNG.BO,BSE,equity,GNG Electronics Limited
ECAPINSURE,ECAPINSURE.BO,BSE,equity,
ECLERX,ECLERX.BO,BSE,equity,eClerx Services Limited
EICHERMOT,EICHERMOT.BO,BSE,equity,Eicher Motors Limited
EIDPARRY,EIDPARRY.BO,BSE,equity,EID Parry India Limited
EIEL,EIEL.BO,BSE,equity,Enviro Infra Engineers Limited
EIHAHOTELS,EIHAHOTELS.BO,BSE,equity,EIH Associated Hotels Limited
EIHOTEL,EIHOTEL.BO,BSE,equity,EIH Limited
EIMCOELECO,EIMCOELECO.BO,BSE,equity,Eimco Elecon (India) Limited
ELDEHSG,ELDEHSG.BO,BSE,equity,Eldeco Housing And Industries Limited
ELECON,ELECON.BO,BSE,equity,Elecon Engineering Company Limited
EMAMILTD,EMAMILTD.BO,BSE,equity,Emami Limited
EMKAY,EMKAY.BO,BSE,equity,Emkay Global Financial Services Limited
EMMVEE,EMMVEE.BO,BSE,equity,Emmvee Photovoltaic Power Limited
ENGINERSIN,ENGINERSIN.BO,BSE,equity,Engineers India Limited
ENRIN,ENRIN.BO,BSE,equity,Siemens Energy India Limited
EPIGRAL,EPIGRAL.BO,BSE,equity,Epigral Limited
EQUAL50,EQUAL50.BO,BSE,equity,
EQUAL50ADD,EQUAL50ADD.BO,BSE,equity,
ESAFSFB,ESAFSFB.BO,BSE,equity,ESAF Small Finance Bank Limited
ESENSEX,ESENSEX.BO,BSE,equity,
ESG,ESG.BO,BSE,equity,
ESSARSHPNG,ESSARSHPNG.BO,BSE,equity,Essar Shipping Limited
ESSENTIA,ESSENTIA.BO,BSE,equity,Integra Essentia Limited
ETERNAL,ETERNAL.BO,BSE,equity,ETERNAL LIMITED
ETHOSLTD,ETHOSLTD.BO,BSE,equity,Ethos Limited
EUREKAFORB,EUREKAFORB.BO,BSE,equity,Eureka Forbes Limited
EUROBOND,EUROBOND.BO,BSE,equity,Euro Panel Products Limited
EUROTEXIND,EUROTEXIND.BO,BSE,equity,Eurotex Industries and Exports Limited
EVEREADY,EVEREADY.BO,BSE,equity,Eveready Industries India Limited
EVERESTIND,EVERESTIND.BO,BSE,equity,Everest Industries Limited
EVIETF,EVIETF.BO,BSE,equity,
EXCELINDUS,EXCELINDUS.BO,BSE,equity,Excel Industries Limited
EXPLEOSOL,EXPLEOSOL.BO,BSE,equity,Expleo Solutions Limited
EXXARO,EXXARO.BO,BSE,equity,Exxaro Tiles Limited
FCL,FCL.BO,BSE,equity,Fineotex Chemical Limited
FEDERALBNK,FEDERALBNK.BO,BSE,equity,The Federal Bank  Limited
FEDFINA,FEDFINA.BO,BSE,equity,Fedbank Financial Services Limited
FIBERWEB,FIBERWEB.BO,BSE,equity,Fiberweb (India) Limited
FIEMIND,FIEMIND.BO,BSE,equity,Fiem Industries Limited
FINEORG,FINEORG.BO,BSE,equity,Fine Organic Industries Limited
FINKURVE,FINKURVE.BO,BSE,equity,Finkurve Financial Services Limited
FINOPB,FINOPB.BO,BSE,equity,Fino Payments Bank Limited
FIRSTCRY,FIRSTCRY.BO,BSE,equity,Brainbees Solutions Limited
FIVESTAR,FIVESTAR.BO,BSE,equity,Five-Star Business Finance Limited
FLAIR,FLAIR.BO,BSE,equity,Flair Writing Industries Limited
FLEXITUFF,FLEXITUFF.BO,BSE,equity,Flexituff Ventures International Limited
FMCGIETF,FMCGIETF.BO,BSE,equity,
FOCUS,FOCUS.BO,BSE,equity,Focus Lighting and Fixtures Limited
FRACTAL,FRACTAL.BO,BSE,equity,Fractal Analytics Limited
FUSION,FUSION.BO,BSE,equity,Fusion Finance Limited
GAIL,GAIL.BO,BSE,equity,GAIL (India) Limited
GALAPREC,GALAPREC.BO,BSE,equity,Gala Precision Engineering Limited
GANDHAR,GANDHAR.BO,BSE,equity,Gandhar Oil Refinery (India) Limited
GANDHITUBE,GANDHITUBE.BO,BSE,equity,Gandhi Special Tubes Limited
GANECOS,GANECOS.BO,BSE,equity,Ganesha Ecosphere Limited
GANESHBE,GANESHBE.BO,BSE,equity,Ganesh Benzoplast Limited
GANESHHOU,GANESHHOU.BO,BSE,equity,GANESH HOUSING LIMITED
GARUDA,GARUDA.BO,BSE,equity,Garuda Construction and Engineering Limited
GATECH,GATECH.BO,BSE,equity,GACM Technologies Limited
GATECHDVR,GATECHDVR.BO,BSE,equity,GACM Technologies Limited
GAYAHWS,GAYAHWS.BO,BSE,equity,Gayatri Highways Limited
GCSL,GCSL.BO,BSE,equity,Gretex Corporate Services Limited
GEECEE,GEECEE.BO,BSE,equity,GeeCee Ventures Limited
GEMAROMA,GEMAROMA.BO,BSE,equity,Gem Aromatics Limited
GENUSPAPER,GENUSPAPER.BO,BSE,equity,Genus Paper & Boards Limited
GENUSPOWER,GENUSPOWER.BO,BSE,equity,Genus Power Infrastructures Limited
GHCL,GHCL.BO,BSE,equity,GHCL Limited
GINNIFILA,GINNIFILA.BO,BSE,equity,Ginni Filaments Limited
GIPCL,GIPCL.BO,BSE,equity,Gujarat Industries Power Company Limited
GKENERGY,GKENERGY.BO,BSE,equity,GK Energy Limited
GKSL,GKSL.BO,BSE,equity,Gujarat Kidney And Super Speciality Limited
GLAND,GLAND.BO,BSE,equity,Gland Pharma Limited
GLAXO,GLAXO.BO,BSE,equity,GlaxoSmithKline Pharmaceuticals Limited
GLENMARK,GLENMARK.BO,BSE,equity,Glenmark Pharmaceuticals Limited
GLOBALE,GLOBALE.BO,BSE,equity,Globale Tessile Limited
GLOBECIVIL,GLOBECIVIL.BO,BSE,equity,Globe Civil Projects Limited
GLOBUSSPR,GLOBUSSPR.BO,BSE,equity,Globus Spirits Limited
GLOSTERLTD,GLOSTERLTD.BO,BSE,equity,Gloster Limited
GMBREW,GMBREW.BO,BSE,equity,GM Breweries Limited
GMMPFAUDLR,GMMPFAUDLR.BO,BSE,equity,GMM Pfaudler Limited
GNFC,GNFC.BO,BSE,equity,Gujarat Narmada Valley Fertilizers and Chemicals Limited
GOCLCORP,GOCLCORP.BO,BSE,equity,GOCL Corporation Limited
GOCOLORS,GOCOLORS.BO,BSE,equity,Go Fashion (India) Limited
GODAVARIB,GODAVARIB.BO,BSE,equity,Godavari Biorefineries Limited
GODIGIT,GODIGIT.BO,BSE,equity,Go Digit General Insurance Limited
GODREJAGRO,GODREJAGRO.BO,BSE,equity,Godrej Agrovet Limited
GODREJCP,GODREJCP.BO,BSE,equity,Godrej Consumer Products Limited
GODREJIND,GODREJIND.BO,BSE,equity,Godrej Industries Limited
GOKULAGRO,GOKULAGRO.BO,BSE,equity,Gokul Agro Resources Limited
GOLD360,GOLD360.BO,BSE,equity,
GOLDADD,GOLDADD.BO,BSE,equity,
GOLDBEES,GOLDBEES.BO,BSE,equity,
GOLDBND,GOLDBND.BO,BSE,equity,
GOLDCASE,GOLDCASE.BO,BSE,equity,
GOLDETF,GOLDETF.BO,BSE,equity,
GOLDIAM,GOLDIAM.BO,BSE,equity,Goldiam International Limited
GOLDTECH,GOLDTECH.BO,BSE,equity,AION-TECH SOLUTIONS LIMITED
GOODLUCK,GOODLUCK.BO,BSE,equity,Goodluck India Limited
GOPAL,GOPAL.BO,BSE,equity,Gopal Snacks Limited
GPIL,GPIL.BO,BSE,equity,Godawari Power And Ispat limited
GRANULES,GRANULES.BO,BSE,equity,Granules India Limited
GREENPANEL,GREENPANEL.BO,BSE,equity,Greenpanel Industries Limited
GREENPOWER,GREENPOWER.BO,BSE,equity,Orient Green Power Company Limited
GRINFRA,GRINFRA.BO,BSE,equity,G R Infraprojects Limited
GRMOVER,GRMOVER.BO,BSE,equity,GRM Overseas Limited
GROWW,GROWW.BO,BSE,equity,Billionbrains Garage Ventures Limited
GROWWPOWER,GROWWPOWER.BO,BSE,equity,
GROWWRAIL,GROWWRAIL.BO,BSE,equity,
GRPLTD,GRPLTD.BO,BSE,equity,GRP Limited
GRWRHITECH,GRWRHITECH.BO,BSE,equity,Garware Hi-Tech Films Limited
GSFC,GSFC.BO,BSE,equity,Gujarat State Fertilizers & Chemicals Limited
GTPL,GTPL.BO,BSE,equity,GTPL Hathway Limited
GUFICBIO,GUFICBIO.BO,BSE,equity,Gufic Biosciences Limited
GUJALKALI,GUJALKALI.BO,BSE,equity,Gujarat Alkalies and Chemicals Limited
GUJAPOLLO,GUJAPOLLO.BO,BSE,equity,Gujarat Apollo Industries Limited
GUJGASLTD,GUJGASLTD.BO,BSE,equity,Gujarat Gas Limited
GUJRAFFIA,GUJRAFFIA.BO,BSE,equity,Gujarat Raffia Industries Limited
GULPOLY,GULPOLY.BO,BSE,equity,Gulshan Polyols Limited
GVKPIL,GVKPIL.BO,BSE,equity,GVK Power & Infrastructure Limited
GVPIL,GVPIL.BO,BSE,equity,GE Power India Limited
GVT&D,GVT&D.BO,BSE,equity,GE Vernova T&D India Limited
HAL,HAL.BO,BSE,equity,Hindustan Aeronautics Limited
HALEOSLABS,HALEOSLABS.BO,BSE,equity,HALEOS LABS LIMITED
HARDWYN,HARDWYN.BO,BSE,equity,Hardwyn India Limited
HARSHA,HARSHA.BO,BSE,equity,Harsha Engineers International Limited
HATHWAY,HATHWAY.BO,BSE,equity,Hathway Cable & Datacom Limited
HAVELLS,HAVELLS.BO,BSE,equity,Havells India Limited
HAVISHA,HAVISHA.BO,BSE,equity,Sri Havisha Hospitality and Infrastructure Limited
HCC,HCC.BO,BSE,equity,Hindustan Construction Company Limited
HCG,HCG.BO,BSE,equity,Healthcare Global Enterprises Limited
HCLTECH,HCLTECH.BO,BSE,equity,HCL Technologies Limited
HDBFS,HDBFS.BO,BSE,equity,HDB Financial Services Limited
HDFCBANK,HDFCBANK.BO,BSE,equity,HDFC Bank Limited
HDFCBSE500,HDFCBSE500.BO,BSE,equity,
HDFCGOLD,HDFCGOLD.BO,BSE,equity,
HDFCLIFE,HDFCLIFE.BO,BSE,equity,HDFC Life Insurance Company Limited
HDFCMID150,HDFCMID150.BO,BSE,equity,
HDFCNIFBAN,HDFCNIFBAN.BO,BSE,equity,
HDFCQUAL,HDFCQUAL.BO,BSE,equity,
HDFCSILVER,HDFCSILVER.BO,BSE,equity,
HDFCVALUE,HDFCVALUE.BO,BSE,equity,
HEADSUP,HEADSUP.BO,BSE,equity,Heads UP Ventures Limited
HEALTHADD,HEALTHADD.BO,BSE,equity,
HEALTHIETF,HEALTHIETF.BO,BSE,equity,
HEG,HEG.BO,BSE,equity,HEG Limited
HEIDELBERG,HEIDELBERG.BO,BSE,equity,HeidelbergCement India Limited
HEMIPROP,HEMIPROP.BO,BSE,equity,Hemisphere Properties India Limited
HERCULES,HERCULES.BO,BSE,equity,
HERITGFOOD,HERITGFOOD.BO,BSE,equity,Heritage Foods Limited
HEROMOTOCO,HEROMOTOCO.BO,BSE,equity,Hero MotoCorp Limited
HEXATRADEX,HEXATRADEX.BO,BSE,equity,Hexa Tradex Limited
HGINFRA,HGINFRA.BO,BSE,equity,H.G. Infra Engineering Limited
HGM,HGM.BO,BSE,equity,HandsOn Global Management (HGM) Limited
HGS,HGS.BO,BSE,equity,Hinduja Global Solutions Limited
HILINFRA,HILINFRA.BO,BSE,equity,Highway Infrastructure Limited
HINDALCO,HINDALCO.BO,BSE,equity,Hindalco Industries Limited
HINDCOMPOS,HINDCOMPOS.BO,BSE,equity,Hindustan Composites Limited
HINDCOPPER,HINDCOPPER.BO,BSE,equity,Hindustan Copper Limited
HINDOILEXP,HINDOILEXP.BO,BSE,equity,Hindustan Oil Exploration Company Limited
HINDPETRO,HINDPETRO.BO,BSE,equity,Hindustan Petroleum Corporation Limited
HISARMETAL,HISARMETAL.BO,BSE,equity,Hisar Metal Industries Limited
HITECHCORP,HITECHCORP.BO,BSE,equity,Hitech Corporation Limited
HITECHGEAR,HITECHGEAR.BO,BSE,equity,The Hi-Tech Gears Limited
HLVLTD,HLVLTD.BO,BSE,equity,HLV LIMITED
HNDFDS,HNDFDS.BO,BSE,equity,Hindustan Foods Limited
HNGSNGBEES,HNGSNGBEES.BO,BSE,equity,
HONASA,HONASA.BO,BSE,equity,Honasa Consumer Limited
HPAL,HPAL.BO,BSE,equity,HP Adhesives Limited
HPIL,HPIL.BO,BSE,equity,Hindprakash Industries Limited
HPL,HPL.BO,BSE,equity,HPL Electric & Power Limited
HSCL,HSCL.BO,BSE,equity,Himadri Speciality Chemical Limited
HUBTOWN,HUBTOWN.BO,BSE,equity,Hubtown Limited
HUDCO,HUDCO.BO,BSE,equity,Housing & Urban Development Corporation Limited
ICICIB22,ICICIB22.BO,BSE,equity,
ICICIBANK,ICICIBANK.BO,BSE,equity,ICICI Bank Limited
ICICIGI,ICICIGI.BO,BSE,equity,ICICI Lombard General Insurance Company Limited
ICIL,ICIL.BO,BSE,equity,Indo Count Industries Limited
ICRA,ICRA.BO,BSE,equity,ICRA Limited
IFBAGRO,IFBAGRO.BO,BSE,equity,IFB Agro Industries Limited
IFBIND,IFBIND.BO,BSE,equity,IFB Industries Limited
IFGLEXPOR,IFGLEXPOR.BO,BSE,equity,IFGL Refractories Limited
IGARASHI,IGARASHI.BO,BSE,equity,Igarashi Motors India Limited
IIFLCAPS,IIFLCAPS.BO,BSE,equity,IIFL Capital Services Limited
IKS,IKS.BO,BSE,equity,Inventurus Knowledge Solutions Limited
IMPAL,IMPAL.BO,BSE,equity,India Motor Parts and Accessories Limited
IMPEXFERRO,IMPEXFERRO.BO,BSE,equity,Impex Ferro Tech Limited
INDGN,INDGN.BO,BSE,equity,Indegene Limited
INDIAGLYCO,INDIAGLYCO.BO,BSE,equity,India Glycols Limited
INDIAMART,INDIAMART.BO,BSE,equity,Indiamart Intermesh Limited
INDIANB,INDIANB.BO,BSE,equity,Indian Bank
INDIASHLTR,INDIASHLTR.BO,BSE,equity,India Shelter Finance Corporation Limited
INDIGOPNTS,INDIGOPNTS.BO,BSE,equity,Indigo Paints Limited
INDIQUBE,INDIQUBE.BO,BSE,equity,Indiqube Spaces Limited
INDOCO,INDOCO.BO,BSE,equity,Indoco Remedies Limited
INDOFARM,INDOFARM.BO,BSE,equity,Indo Farm Equipment Limited
INDOTECH,INDOTECH.BO,BSE,equity,Indo Tech Transformers Limited
INDOTHAI,INDOTHAI.BO,BSE,equity,Indo Thai Securities Limited
INDOUS,INDOUS.BO,BSE,equity,Indo Us Biotech Limited
INDOWIND,INDOWIND.BO,BSE,equity,Indowind Energy Limited
INDTERRAIN,INDTERRAIN.BO,BSE,equity,Indian Terrain Fashions Limited
INDUSINDBK,INDUSINDBK.BO,BSE,equity,IndusInd Bank Limited
INFRABEES,INFRABEES.BO,BSE,equity,
INFY,INFY.BO,BSE,equity,Infosys Limited
INNOVACAP,INNOVACAP.BO,BSE,equity,Innova Captab Limited
INNOVANA,INNOVANA.BO,BSE,equity,Innovana Thinklabs Limited
INOXINDIA,INOXINDIA.BO,BSE,equity,INOX India Limited
INOXWIND,INOXWIND.BO,BSE,equity,Inox Wind Limited
INSPIRISYS,INSPIRISYS.BO,BSE,equity,Inspirisys Solutions Limited
INTENTECH,INTENTECH.BO,BSE,equity,Intense Technologies Limited
INTERNET,INTERNET.BO,BSE,equity,
INVENTURE,INVENTURE.BO,BSE,equity,Inventure Growth & Securities Limited
IOB,IOB.BO,BSE,equity,Indian Overseas Bank
IOC,IOC.BO,BSE,equity,Indian Oil Corporation Limited
IPL,IPL.BO,BSE,equity,India Pesticides Limited
IRB,IRB.BO,BSE,equity,IRB Infrastructure Developers Limited
IRCON,IRCON.BO,BSE,equity,Ircon International Limited
IREDA,IREDA.BO,BSE,equity,Indian Renewable Energy Development Agency Limited
ISFT,ISFT.BO,BSE,equity,Intrasoft Technologies Limited
ITADD,ITADD.BO,BSE,equity,
ITC,ITC.BO,BSE,equity,ITC Limited
ITCHOTELS,ITCHOTELS.BO,BSE,equity,ITC Hotels Limited
ITDC,ITDC.BO,BSE,equity,India Tourism Development Corporation Limited
ITI,ITI.BO,BSE,equity,ITI Limited
ITIETF,ITIETF.BO,BSE,equity,
IVALUE,IVALUE.BO,BSE,equity,Ivalue Infosolutions Limited
IVC,IVC.BO,BSE,equity,IL&FS Investment Managers Limited
IVP,IVP.BO,BSE,equity,IVP Limited
IZMO,IZMO.BO,BSE,equity,IZMO Limited
JAGRAN,JAGRAN.BO,BSE,equity,Jagran Prakashan Limited
JAICORPLTD,JAICORPLTD.BO,BSE,equity,Jai Corp Limited
JASH,JASH.BO,BSE,equity,Jash Engineering Limited
JAYAGROGN,JAYAGROGN.BO,BSE,equity,Jayant Agro Organics Limited
JAYBARMARU,JAYBARMARU.BO,BSE,equity,Jay Bharat Maruti Limited
JBCHEPHARM,JBCHEPHARM.BO,BSE,equity,JB Chemicals & Pharmaceuticals Limited
JINDALPOLY,JINDALPOLY.BO,BSE,equity,Jindal Poly Films Limited
JINDALSAW,JINDALSAW.BO,BSE,equity,Jindal Saw Limited
JINDALSTEL,JINDALSTEL.BO,BSE,equity,JINDAL STEEL LIMITED
JIOFIN,JIOFIN.BO,BSE,equity,Jio Financial Services Limited
JITFINFRA,JITFINFRA.BO,BSE,equity,JITF Infralogistics Limited
JKCEMENT,JKCEMENT.BO,BSE,equity,JK Cement Limited
JKIL,JKIL.BO,BSE,equity,J.Kumar Infraprojects Limited
JKLAKSHMI,JKLAKSHMI.BO,BSE,equity,JK Lakshmi Cement Limited
JLHL,JLHL.BO,BSE,equity,Jupiter Life Line Hospitals Limited
JPOLYINVST,JPOLYINVST.BO,BSE,equity,Jindal Poly Investment and Finance Company Limited
JPPOWER,JPPOWER.BO,BSE,equity,Jaiprakash Power Ventures Limited
JSFB,JSFB.BO,BSE,equity,Jana Small Finance Bank Limited
JSLL,JSLL.BO,BSE,equity,Jeena Sikho Lifecare Limited
JSWCEMENT,JSWCEMENT.BO,BSE,equity,JSW Cement Limited
JSWENERGY,JSWENERGY.BO,BSE,equity,JSW Energy Limited
JSWHL,JSWHL.BO,BSE,equity,JSW Holdings Limited
JSWINFRA,JSWINFRA.BO,BSE,equity,JSW Infrastructure Limited
JUBLFOOD,JUBLFOOD.BO,BSE,equity,Jubilant Foodworks Limited
JUBLINGREA,JUBLINGREA.BO,BSE,equity,Jubilant Ingrevia Limited
JUBLPHARMA,JUBLPHARMA.BO,BSE,equity,Jubilant Pharmova Limited
JUNIPER,JUNIPER.BO,BSE,equity,Juniper Hotels Limited
JWL,JWL.BO,BSE,equity,Jupiter Wagons Limited
JYOTHYLAB,JYOTHYLAB.BO,BSE,equity,Jyothy Labs Limited
JYOTISTRUC,JYOTISTRUC.BO,BSE,equity,Jyoti Structures Limited
KALAMANDIR,KALAMANDIR.BO,BSE,equity,Sai Silks (Kalamandir) Limited
KALPATARU,KALPATARU.BO,BSE,equity,Kalpataru Limited
KALYANKJIL,KALYANKJIL.BO,BSE,equity,Kalyan Jewellers India Limited
KAMATHOTEL,KAMATHOTEL.BO,BSE,equity,Kamat Hotels (I) Limited
KAMDHENU,KAMDHENU.BO,BSE,equity,Kamdhenu Limited
KAMOPAINTS,KAMOPAINTS.BO,BSE,equity,Kamdhenu Ventures Limited
KANPRPLA,KANPRPLA.BO,BSE,equity,Kanpur Plastipack Limited
KARMAENG,KARMAENG.BO,BSE,equity,Karma Energy Limited
KAUSHALYA,KAUSHALYA.BO,BSE,equity,Kaushalya Infrastructure Development Corporation Limited
KAVDEFENCE,KAVDEFENCE.BO,BSE,equity,Kavveri Defence & Wireless Technologies Limited
KAYA,KAYA.BO,BSE,equity,Kaya Limited
KAYNES,KAYNES.BO,BSE,equity,Kaynes Technology India Limited
KDDL,KDDL.BO,BSE,equity,KDDL Limited
KEC,KEC.BO,BSE,equity,KEC International Limited
KEEPLEARN,KEEPLEARN.BO,BSE,equity,DSJ Keep Learning Limited
KEYFINSERV,KEYFINSERV.BO,BSE,equity,Keynote Financial Services Limited
KFINTECH,KFINTECH.BO,BSE,equity,Kfin Technologies Limited
KICL,KICL.BO,BSE,equity,Kalyani Investment Company Limited
KINGFA,KINGFA.BO,BSE,equity,Kingfa Science & Technology (India) Limited
KIRIINDUS,KIRIINDUS.BO,BSE,equity,Kiri Industries Limited
KIRLOSENG,KIRLOSENG.BO,BSE,equity,Kirloskar Oil Engines Limited
KIRLOSIND,KIRLOSIND.BO,BSE,equity,Kirloskar Industries Limited
KITEX,KITEX.BO,BSE,equity,Kitex Garments Limited
KKCL,KKCL.BO,BSE,equity,Kewal Kiran Clothing Limited
KMEW,KMEW.BO,BSE,equity,Knowledge Marine & Engineering Works Limited
KMSUGAR,KMSUGAR.BO,BSE,equity,K.M.Sugar Mills Limited
KNRCON,KNRCON.BO,BSE,equity,KNR Constructions Limited
KOLTEPATIL,KOLTEPATIL.BO,BSE,equity,Kolte - Patil Developers Limited
KOTAKBANK,KOTAKBANK.BO,BSE,equity,Kotak Mahindra Bank Limited
KPEL,KPEL.BO,BSE,equity,K.P. Energy Limited
KPIL,KPIL.BO,BSE,equity,Kalpataru Projects International Limited
KPITTECH,KPITTECH.BO,BSE,equity,KPIT Technologies Limited
KPRMILL,KPRMILL.BO,BSE,equity,K.P.R. Mill Limited
KRITINUT,KRITINUT.BO,BSE,equity,Kriti Nutrients Limited
KRONOX,KRONOX.BO,BSE,equity,Kronox Lab Sciences Limited
KRSNAA,KRSNAA.BO,BSE,equity,Krsnaa Diagnostics Limited
KRYSTAL,KRYSTAL.BO,BSE,equity,Krystal Integrated Services Limited
KSCL,KSCL.BO,BSE,equity,Kaveri Seed Company Limited
KSL,KSL.BO,BSE,equity,Kalyani Steels Limited
KSOLVES,KSOLVES.BO,BSE,equity,Ksolves India Limited
KUANTUM,KUANTUM.BO,BSE,equity,Kuantum Papers Limited
KWIL,KWIL.BO,BSE,equity,Kwality Wall's (India) Limited
LALPATHLAB,LALPATHLAB.BO,BSE,equity,Dr. Lal Path Labs Ltd.
LANCORHOL,LANCORHOL.BO,BSE,equity,Lancor Holdings Limited
LAOPALA,LAOPALA.BO,BSE,equity,La Opala RG Limited
LATENTVIEW,LATENTVIEW.BO,BSE,equity,Latent View Analytics Limited
LAXMIDENTL,LAXMIDENTL.BO,BSE,equity,Laxmi Dental Limited
LAXMIINDIA,LAXMIINDIA.BO,BSE,equity,Laxmi India Finance Limited
LEMONTREE,LEMONTREE.BO,BSE,equity,Lemon Tree Hotels Limited
LENSKART,LENSKART.BO,BSE,equity,Lenskart Solutions Limited
LGBFORGE,LGBFORGE.BO,BSE,equity,
LGEINDIA,LGEINDIA.BO,BSE,equity,LG Electronics India Limited
LIBERTSHOE,LIBERTSHOE.BO,BSE,equity,Liberty Shoes Limited
LICHSGFIN,LICHSGFIN.BO,BSE,equity,LIC Housing Finance Limited
LICI,LICI.BO,BSE,equity,Life Insurance Corporation Of India
LICMFGOLD,LICMFGOLD.BO,BSE,equity,
LICNFNHGP,LICNFNHGP.BO,BSE,equity,
LICNMID100,LICNMID100.BO,BSE,equity,
LLOYDSENGG,LLOYDSENGG.BO,BSE,equity,LLOYDS ENGINEERING WORKS LIMITED
LLOYDSENT,LLOYDSENT.BO,BSE,equity,Lloyds Enterprises Limited
LODHA,LODHA.BO,BSE,equity,Lodha Developers Limited
LORDSCHLO,LORDSCHLO.BO,BSE,equity,Lords Chloro Alkali Limited
LOTUSDEV,LOTUSDEV.BO,BSE,equity,Sri Lotus Developers and Realty Limited
LOVABLE,LOVABLE.BO,BSE,equity,Lovable Lingerie Limited
LOWVOLIETF,LOWVOLIETF.BO,BSE,equity,
LOYALTEX,LOYALTEX.BO,BSE,equity,Loyal Textile Mills Limited
LTFOODS,LTFOODS.BO,BSE,equity,LT Foods Limited
LUMAXIND,LUMAXIND.BO,BSE,equity,Lumax Industries Limited
LUXIND,LUXIND.BO,BSE,equity,Lux Industries Limited
LXCHEM,LXCHEM.BO,BSE,equity,Laxmi Organic Industries Limited
LYPSAGEMS,LYPSAGEMS.BO,BSE,equity,Lypsa Gems & Jewellery Limited
M&M,M&M.BO,BSE,equity,Mahindra & Mahindra Limited
MADHAV,MADHAV.BO,BSE,equity,Madhav Marbles and Granites Limited
MADHUCON,MADHUCON.BO,BSE,equity,Madhucon Projects Limited
MADRASFERT,MADRASFERT.BO,BSE,equity,Madras Fertilizers Limited
MAFANG,MAFANG.BO,BSE,equity,
MAHABANK,MAHABANK.BO,BSE,equity,Bank of Maharashtra
MAHASTEEL,MAHASTEEL.BO,BSE,equity,Mahamaya Steel Industries Limited
MAHLOG,MAHLOG.BO,BSE,equity,Mahindra Logistics Limited
MAITHANALL,MAITHANALL.BO,BSE,equity,Maithan Alloys Limited
MAKEINDIA,MAKEINDIA.BO,BSE,equity,
MALLCOM,MALLCOM.BO,BSE,equity,Mallcom (India) Limited
MANAKSTEEL,MANAKSTEEL.BO,BSE,equity,Manaksia Steels Limited
MANALIPETC,MANALIPETC.BO,BSE,equity,Manali Petrochemicals Limited
MANAPPURAM,MANAPPURAM.BO,BSE,equity,Manappuram Finance Limited
MANCREDIT,MANCREDIT.BO,BSE,equity,Mangal Credit and Fincorp Limited
MANGLMCEM,MANGLMCEM.BO,BSE,equity,Mangalam Cement Limited
MANOMAY,MANOMAY.BO,BSE,equity,Manomay Tex India Limited
MANORAMA,MANORAMA.BO,BSE,equity,Manorama Industries Limited
MANORG,MANORG.BO,BSE,equity,Mangalam Organics Limited
MANYAVAR,MANYAVAR.BO,BSE,equity,Vedant Fashions Limited
MARALOVER,MARALOVER.BO,BSE,equity,Maral Overseas Limited
MARATHON,MARATHON.BO,BSE,equity,Marathon Nextgen Realty Limited
MARICO,MARICO.BO,BSE,equity,Marico Limited
MARUTI,MARUTI.BO,BSE,equity,Maruti Suzuki India Limited
MATRIMONY,MATRIMONY.BO,BSE,equity,Matrimony.Com Limited
MAWANASUG,MAWANASUG.BO,BSE,equity,Mawana Sugars Limited
MAZDA,MAZDA.BO,BSE,equity,Mazda Limited
MBEL,MBEL.BO,BSE,equity,M & B Engineering Limited
MCLEODRUSS,MCLEODRUSS.BO,BSE,equity,Mcleod Russel India Limited
MCLOUD,MCLOUD.BO,BSE,equity,Magellanic Cloud Limited
MCX,MCX.BO,BSE,equity,Multi Commodity Exchange of India Limited
MEDICO,MEDICO.BO,BSE,equity,Medico Remedies Limited
MEESHO,MEESHO.BO,BSE,equity,Meesho Limited
MEGASTAR,MEGASTAR.BO,BSE,equity,Megastar Foods Limited
MEIL,MEIL.BO,BSE,equity,Mangal Electrical Industries Limited
MEP,MEP.BO,BSE,equity,MEP Infrastructure Developers Limited
METROBRAND,METROBRAND.BO,BSE,equity,Metro Brands Limited
MFSL,MFSL.BO,BSE,equity,Max Financial Services Limited
MGL,MGL.BO,BSE,equity,Mahanagar Gas Limited
MHLXMIRU,MHLXMIRU.BO,BSE,equity,Mahalaxmi Rubtech Limited
MID150,MID150.BO,BSE,equity,
MID150BEES,MID150BEES.BO,BSE,equity,
MIDCAPADD,MIDCAPADD.BO,BSE,equity,
MIDCAPBETA,MIDCAPBETA.BO,BSE,equity,
MIDCAPETF,MIDCAPETF.BO,BSE,equity,
MIDCAPIETF,MIDCAPIETF.BO,BSE,equity,
MIDHANI,MIDHANI.BO,BSE,equity,Mishra Dhatu Nigam Limited
MIDSELIETF,MIDSELIETF.BO,BSE,equity,
MINDTECK,MINDTECK.BO,BSE,equity,Mindteck (India) Limited
MIRCELECTR,MIRCELECTR.BO,BSE,equity,MIRC Electronics Limited
MKPL,MKPL.BO,BSE,equity,M K Proteins Limited
MMFL,MMFL.BO,BSE,equity,MM Forgings Limited
MMTC,MMTC.BO,BSE,equity,MMTC Limited
MOBIKWIK,MOBIKWIK.BO,BSE,equity,One Mobikwik Systems Limited
MOCAPITAL,MOCAPITAL.BO,BSE,equity,
MODEFENCE,MODEFENCE.BO,BSE,equity,
MODIRUBBER,MODIRUBBER.BO,BSE,equity,Modi Rubber Limited
MODTHREAD,MODTHREAD.BO,BSE,equity,Modern Threads (India) Limited
MOGOLD,MOGOLD.BO,BSE,equity,
MOHITIND,MOHITIND.BO,BSE,equity,Mohit Industries Limited
MOIL,MOIL.BO,BSE,equity,MOIL Limited
MOLDTECH,MOLDTECH.BO,BSE,equity,Mold-Tek Technologies Limited
MOLDTKPAC,MOLDTKPAC.BO,BSE,equity,Mold-Tek Packaging Limited
MOM100,MOM100.BO,BSE,equity,
MOM30IETF,MOM30IETF.BO,BSE,equity,
MOMENTUM50,MOMENTUM50.BO,BSE,equity,
MONARCH,MONARCH.BO,BSE,equity,Monarch Networth Capital Limited
MONEYBOXX,MONEYBOXX.BO,BSE,equity,Moneyboxx Finance Limited
MONTECARLO,MONTECARLO.BO,BSE,equity,Monte Carlo Fashions Limited
MOREALTY,MOREALTY.BO,BSE,equity,
MOSCHIP,MOSCHIP.BO,BSE,equity,Moschip Technologies Limited
MOSILVER,MOSILVER.BO,BSE,equity,
MOTILALOFS,MOTILALOFS.BO,BSE,equity,Motilal Oswal Financial Services Limited
MPSLTD,MPSLTD.BO,BSE,equity,MPS Limited
MRF,MRF.BO,BSE,equity,MRF Limited
MSPL,MSPL.BO,BSE,equity,MSP Steel & Power Limited
MSUMI,MSUMI.BO,BSE,equity,Motherson Sumi Wiring India Limited
MTNL,MTNL.BO,BSE,equity,Mahanagar Telephone Nigam Limited
MUFIN,MUFIN.BO,BSE,equity,Mufin Green Finance Limited
MUKANDLTD,MUKANDLTD.BO,BSE,equity,Mukand Limited
MUKTAARTS,MUKTAARTS.BO,BSE,equity,Mukta Arts Limited
MUNJALAU,MUNJALAU.BO,BSE,equity,Munjal Auto Industries Limited
MUTHOOTFIN,MUTHOOTFIN.BO,BSE,equity,Muthoot Finance Limited
MUTHOOTMF,MUTHOOTMF.BO,BSE,equity,Muthoot Microfin Limited
MWL,MWL.BO,BSE,equity,Mangalam Worldwide Limited
NACLIND,NACLIND.BO,BSE,equity,NACL Industries Limited
NAGREEKEXP,NAGREEKEXP.BO,BSE,equity,Nagreeka Exports Limited
NAHARCAP,NAHARCAP.BO,BSE,equity,Nahar Capital and Financial Services Limited
NAHARINDUS,NAHARINDUS.BO,BSE,equity,Nahar Industrial Enterprises Limited
NAHARPOLY,NAHARPOLY.BO,BSE,equity,Nahar Poly Films Limited
NARMADA,NARMADA.BO,BSE,equity,Narmada Agrobase Limited
NATCAPSUQ,NATCAPSUQ.BO,BSE,equity,Natural Capsules Limited
NATCOPHARM,NATCOPHARM.BO,BSE,equity,Natco Pharma Limited
NATIONALUM,NATIONALUM.BO,BSE,equity,National Aluminium Company Limited
NAVINFLUOR,NAVINFLUOR.BO,BSE,equity,Navin Fluorine International Limited
NAVKARCORP,NAVKARCORP.BO,BSE,equity,Navkar Corporation Limited
NAVKARURB,NAVKARURB.BO,BSE,equity,Navkar Urbanstructure Limited
NAVNETEDUL,NAVNETEDUL.BO,BSE,equity,Navneet Education Limited
NCC,NCC.BO,BSE,equity,NCC Limited
NDL,NDL.BO,BSE,equity,Nandan Denim Limited
NDLVENTURE,NDLVENTURE.BO,BSE,equity,NDL Ventures Limited
NDRAUTO,NDRAUTO.BO,BSE,equity,Ndr Auto Components Limited
NEOGEN,NEOGEN.BO,BSE,equity,Neogen Chemicals Limited
NETF,NETF.BO,BSE,equity,
NETWORK18,NETWORK18.BO,BSE,equity,Network18 Media & Investments Limited
NEULANDLAB,NEULANDLAB.BO,BSE,equity,Neuland Laboratories Limited
NEWGEN,NEWGEN.BO,BSE,equity,Newgen Software Technologies Limited
NEXT30ADD,NEXT30ADD.BO,BSE,equity,
NEXT50BETA,NEXT50BETA.BO,BSE,equity,
NEXTMEDIA,NEXTMEDIA.BO,BSE,equity,Next Mediaworks Limited
NFL,NFL.BO,BSE,equity,National Fertilizers Limited
NGIL,NGIL.BO,BSE,equity,Nakoda Group of Industries Limited
NGLFINE,NGLFINE.BO,BSE,equity,NGL Fine-Chem Limited
NH,NH.BO,BSE,equity,Narayana Hrudayalaya Ltd.
NIACL,NIACL.BO,BSE,equity,The New India Assurance Company Limited
NIF100BEES,NIF100BEES.BO,BSE,equity,
NIFTYBEES,NIFTYBEES.BO,BSE,equity,
NIFTYIETF,NIFTYIETF.BO,BSE,equity,
NIFTYQLITY,NIFTYQLITY.BO,BSE,equity,
NIITLTD,NIITLTD.BO,BSE,equity,NIIT Limited
NILASPACES,NILASPACES.BO,BSE,equity,Nila Spaces Limited
NILKAMAL,NILKAMAL.BO,BSE,equity,Nilkamal Limited
NIRAJ,NIRAJ.BO,BSE,equity,Niraj Cement Structurals Limited
NITINSPIN,NITINSPIN.BO,BSE,equity,Nitin Spinners Limited
NLCINDIA,NLCINDIA.BO,BSE,equity,NLC India Limited
NMDC,NMDC.BO,BSE,equity,NMDC Limited
NOCIL,NOCIL.BO,BSE,equity,NOCIL Limited
NOIDATOLL,NOIDATOLL.BO,BSE,equity,Noida Toll Bridge Company Limited
NORTHARC,NORTHARC.BO,BSE,equity,Northern Arc Capital Limited
NRAIL,NRAIL.BO,BSE,equity,N R Agarwal Industries Limited
NSIL,NSIL.BO,BSE,equity,Nalwa Sons Investments Limited
NSLNISP,NSLNISP.BO,BSE,equity,NMDC Steel Limited
NUCLEUS,NUCLEUS.BO,BSE,equity,Nucleus Software Exports Limited
NUVAMA,NUVAMA.BO,BSE,equity,Nuvama Wealth Management Limited
NV20IETF,NV20IETF.BO,BSE,equity,
OCCL,OCCL.BO,BSE,equity,
ODIGMA,ODIGMA.BO,BSE,equity,Odigma Consultancy Solutions Limited
OIL,OIL.BO,BSE,equity,Oil India Limited
OILCOUNTUB,OILCOUNTUB.BO,BSE,equity,Oil Country Tubular Limited
OILIETF,OILIETF.BO,BSE,equity,
OMNI,OMNI.BO,BSE,equity,Omnitech Engineering Limited
ONELIFECAP,ONELIFECAP.BO,BSE,equity,Onelife Capital Advisors Limited
ONEPOINT,ONEPOINT.BO,BSE,equity,One Point One Solutions Limited
ONESOURCE,ONESOURCE.BO,BSE,equity,Onesource Specialty Pharma Limited
ONGC,ONGC.BO,BSE,equity,Oil & Natural Gas Corporation Limited
OPTIEMUS,OPTIEMUS.BO,BSE,equity,Optiemus Infracom Limited
ORCHASP,ORCHASP.BO,BSE,equity,Orchasp Limited
ORIENTCEM,ORIENTCEM.BO,BSE,equity,Orient Cement Limited
ORKLAINDIA,ORKLAINDIA.BO,BSE,equity,Orkla India Limited
OSWALGREEN,OSWALGREEN.BO,BSE,equity,Oswal Greentech Limited
PACEDIGITK,PACEDIGITK.BO,BSE,equity,Pace Digitek Limited
PALREDTEC,PALREDTEC.BO,BSE,equity,Palred Technologies Limited
PARACABLES,PARACABLES.BO,BSE,equity,Paramount Communications Limited
PARAS,PARAS.BO,BSE,equity,Paras Defence and Space Technologies Limited
PARKHOSPS,PARKHOSPS.BO,BSE,equity,Park Medi World Limited
PARSVNATH,PARSVNATH.BO,BSE,equity,Parsvnath Developers Limited
PATELENG,PATELENG.BO,BSE,equity,Patel Engineering Limited
PATELRMART,PATELRMART.BO,BSE,equity,Patel Retail Limited
PAVNAIND,PAVNAIND.BO,BSE,equity,Pavna Industries Limited
PEARLPOLY,PEARLPOLY.BO,BSE,equity,Pearl Polymers Limited
PENINLAND,PENINLAND.BO,BSE,equity,Peninsula Land Limited
PFC,PFC.BO,BSE,equity,Power Finance Corporation Limited
PFS,PFS.BO,BSE,equity,PTC India Financial Services Limited
PGIL,PGIL.BO,BSE,equity,Pearl Global Industries Limited
PIDILITIND,PIDILITIND.BO,BSE,equity,Pidilite Industries Limited
PIIND,PIIND.BO,BSE,equity,PI Industries Limited
PILANIINVS,PILANIINVS.BO,BSE,equity,Pilani Investment and Industries Corporation Limited
PILITA,PILITA.BO,BSE,equity,PIL ITALICA LIFESTYLE LIMITED
PINELABS,PINELABS.BO,BSE,equity,Pine Labs Limited
PIONEEREMB,PIONEEREMB.BO,BSE,equity,Pioneer Embroideries Limited
PITTIENG,PITTIENG.BO,BSE,equity,Pitti Engineering Limited
PIXTRANS,PIXTRANS.BO,BSE,equity,Pix Transmissions Limited
PLAZACABLE,PLAZACABLE.BO,BSE,equity,Plaza Wires Limited
PNBGILTS,PNBGILTS.BO,BSE,equity,PNB Gilts Limited
PNBHOUSING,PNBHOUSING.BO,BSE,equity,PNB Housing Finance Limited
PNCINFRA,PNCINFRA.BO,BSE,equity,PNC Infratech Limited
POCL,POCL.BO,BSE,equity,Pondy Oxides & Chemicals Limited
POKARNA,POKARNA.BO,BSE,equity,Pokarna Limited
POLICYBZR,POLICYBZR.BO,BSE,equity,PB Fintech Limited
POLYMED,POLYMED.BO,BSE,equity,Poly Medicure Limited
PONNIERODE,PONNIERODE.BO,BSE,equity,Ponni Sugars (Erode) Limited
PPL,PPL.BO,BSE,equity,Prakash Pipes Limited
PPLPHARMA,PPLPHARMA.BO,BSE,equity,Piramal Pharma Limited
PRABHA,PRABHA.BO,BSE,equity,Prabha Energy Limited
PRAJIND,PRAJIND.BO,BSE,equity,Praj Industries Limited
PRAKASHSTL,PRAKASHSTL.BO,BSE,equity,Prakash Steelage Limited
PRAXIS,PRAXIS.BO,BSE,equity,Praxis Home Retail Limited
PRECAM,PRECAM.BO,BSE,equity,Precision Camshafts Limited
PRECWIRE,PRECWIRE.BO,BSE,equity,Precision Wires India Limited
PREMIERPOL,PREMIERPOL.BO,BSE,equity,Premier Polyfilm Limited
PRESTIGE,PRESTIGE.BO,BSE,equity,Prestige Estates Projects Limited
PRIMESECU,PRIMESECU.BO,BSE,equity,Prime Securities Limited
PRIMO,PRIMO.BO,BSE,equity,Primo Chemicals Limited
PRIVISCL,PRIVISCL.BO,BSE,equity,Privi Speciality Chemicals Limited
PROSTARM,PROSTARM.BO,BSE,equity,Prostarm Info Systems Limited
PRUDMOULI,PRUDMOULI.BO,BSE,equity,Prudential Sugar Corporation Limited
PTL,PTL.BO,BSE,equity,PTL Enterprises Limited
PVP,PVP.BO,BSE,equity,PVP Ventures Limited
PVTBANKADD,PVTBANKADD.BO,BSE,equity,
QPOWER,QPOWER.BO,BSE,equity,Quality Power Electrical Equipments Limited
QUADFUTURE,QUADFUTURE.BO,BSE,equity,Quadrant Future Tek Limited
QUICKHEAL,QUICKHEAL.BO,BSE,equity,Quick Heal Technologies Limited
RACLGEAR,RACLGEAR.BO,BSE,equity,RACL Geartech Limited
RADAAN,RADAAN.BO,BSE,equity,Radaan Mediaworks India Limited
RADHIKAJWE,RADHIKAJWE.BO,BSE,equity,Radhika Jeweltech Limited
RADIANTCMS,RADIANTCMS.BO,BSE,equity,Radiant Cash Management Services Limited
RADIOCITY,RADIOCITY.BO,BSE,equity,Music Broadcast Limited
RAJESHEXPO,RAJESHEXPO.BO,BSE,equity,Rajesh Exports Limited
RAJOOENG,RAJOOENG.BO,BSE,equity,Rajoo Engineers Limited
RAJRATAN,RAJRATAN.BO,BSE,equity,Rajratan Global Wire Limited
RAJSREESUG,RAJSREESUG.BO,BSE,equity,Rajshree Sugars & Chemicals Limited
RAJTV,RAJTV.BO,BSE,equity,Raj Television Network Limited
RAMAPHO,RAMAPHO.BO,BSE,equity,Rama Phosphates Limited
RAMRAT,RAMRAT.BO,BSE,equity,Ram Ratna Wires Limited
RANASUG,RANASUG.BO,BSE,equity,Rana Sugars Limited
RAYMOND,RAYMOND.BO,BSE,equity,Raymond Limited
RBA,RBA.BO,BSE,equity,Restaurant Brands Asia Limited
RBLBANK,RBLBANK.BO,BSE,equity,RBL Bank Limited
RCF,RCF.BO,BSE,equity,Rashtriya Chemicals and Fertilizers Limited
REFEX,REFEX.BO,BSE,equity,Refex Industries Limited
RELAXO,RELAXO.BO,BSE,equity,Relaxo Footwears Limited
RELCHEMQ,RELCHEMQ.BO,BSE,equity,Reliance Chemotex Industries Limited
RELIABLE,RELIABLE.BO,BSE,equity,Reliable Data Services Limited
RELIGARE,RELIGARE.BO,BSE,equity,Religare Enterprises Limited
REMSONSIND,REMSONSIND.BO,BSE,equity,Remsons Industries Limited
RENUKA,RENUKA.BO,BSE,equity,Shree Renuka Sugars Limited
REPCOHOME,REPCOHOME.BO,BSE,equity,Repco Home Finance Limited
REPRO,REPRO.BO,BSE,equity,Repro India Limited
RETAIL,RETAIL.BO,BSE,equity,JHS Svendgaard Retail Ventures Limited
RGL,RGL.BO,BSE,equity,Renaissance Global Limited
RHETAN,RHETAN.BO,BSE,equity,Rhetan TMT Limited
RHFL,RHFL.BO,BSE,equity,Reliance Home Finance Limited
RIIL,RIIL.BO,BSE,equity,Reliance Industrial Infrastructure Limited
RISHABH,RISHABH.BO,BSE,equity,Rishabh Instruments Limited
RITCO,RITCO.BO,BSE,equity,Ritco Logistics Limited
RITES,RITES.BO,BSE,equity,RITES Limited
RKDL,RKDL.BO,BSE,equity,Ravi Kumar Distilleries Limited
RKFORGE,RKFORGE.BO,BSE,equity,Ramkrishna Forgings Limited
RKSWAMY,RKSWAMY.BO,BSE,equity,R K Swamy Limited
RMDRIP,RMDRIP.BO,BSE,equity,R M Drip and Sprinklers Systems Limited
RML,RML.BO,BSE,equity,Rane (Madras) Limited
RNBDENIMS,RNBDENIMS.BO,BSE,equity,R&B Denims Limited
ROHLTD,ROHLTD.BO,BSE,equity,Royal Orchid Hotels Limited
ROML,ROML.BO,BSE,equity,Raj Oil Mills Limited
ROSSARI,ROSSARI.BO,BSE,equity,Rossari Biotech Limited
ROSSELLIND,ROSSELLIND.BO,BSE,equity,Rossell India Limited
ROTO,ROTO.BO,BSE,equity,Roto Pumps Limited
RPEL,RPEL.BO,BSE,equity,Raghav Productivity Enhancers Limited
RPGLIFE,RPGLIFE.BO,BSE,equity,RPG Life Sciences Limited
RPPINFRA,RPPINFRA.BO,BSE,equity,R.P.P. Infra Projects Limited
RPSGVENT,RPSGVENT.BO,BSE,equity,RPSG VENTURES LIMITED
RSWM,RSWM.BO,BSE,equity,RSWM Limited
RSYSTEMS,RSYSTEMS.BO,BSE,equity,R Systems International Limited
RTNINDIA,RTNINDIA.BO,BSE,equity,RattanIndia Enterprises Limited
RTNPOWER,RTNPOWER.BO,BSE,equity,RattanIndia Power Limited
RUBICON,RUBICON.BO,BSE,equity,Rubicon Research Limited
RUCHIRA,RUCHIRA.BO,BSE,equity,Ruchira Papers Limited
RUDRA,RUDRA.BO,BSE,equity,Rudra Global Infra Products Limited
RUPA,RUPA.BO,BSE,equity,Rupa & Company Limited
RUSTOMJEE,RUSTOMJEE.BO,BSE,equity,Keystone Realtors Limited
RVHL,RVHL.BO,BSE,equity,Ravinder Heights Limited
RVNL,RVNL.BO,BSE,equity,Rail Vikas Nigam Limited
RVTH,RVTH.BO,BSE,equity,Revathi Equipment India Limited
S&SPOWER,S&SPOWER.BO,BSE,equity,S&S Power Switchgears Limited
SADBHAV,SADBHAV.BO,BSE,equity,Sadbhav Engineering Limited
SADBHIN,SADBHIN.BO,BSE,equity,Sadbhav Infrastructure Project Limited
SAGCEM,SAGCEM.BO,BSE,equity,Sagar Cements Limited
SAGILITY,SAGILITY.BO,BSE,equity,SAGILITY LIMITED
SAHYADRI,SAHYADRI.BO,BSE,equity,Sahyadri Industries Limited
SAIL,SAIL.BO,BSE,equity,Steel Authority of India Limited
SAILIFE,SAILIFE.BO,BSE,equity,Sai Life Sciences Limited
SAKHTISUG,SAKHTISUG.BO,BSE,equity,Sakthi Sugars Limited
SAKSOFT,SAKSOFT.BO,BSE,equity,Saksoft Limited
SAKUMA,SAKUMA.BO,BSE,equity,Sakuma Exports Limited
SAMBHAAV,SAMBHAAV.BO,BSE,equity,Sambhaav Media Limited
SAMBHV,SAMBHV.BO,BSE,equity,Sambhv Steel Tubes Limited
SANATHAN,SANATHAN.BO,BSE,equity,Sanathan Textiles Limited
SANDHAR,SANDHAR.BO,BSE,equity,Sandhar Technologies Limited
SANDUMA,SANDUMA.BO,BSE,equity,Sandur Manganese & Iron Ores Limited
SANGHVIMOV,SANGHVIMOV.BO,BSE,equity,Sanghvi Movers Limited
SANOFICONR,SANOFICONR.BO,BSE,equity,Sanofi Consumer Healthcare India Limited
SANSERA,SANSERA.BO,BSE,equity,Sansera Engineering Limited
SANSTAR,SANSTAR.BO,BSE,equity,Sanstar Limited
SAREGAMA,SAREGAMA.BO,BSE,equity,Saregama India Limited
SARLAPOLY,SARLAPOLY.BO,BSE,equity,Sarla Performance Fibers Limited
SASKEN,SASKEN.BO,BSE,equity,Sasken Technologies Limited
SATIA,SATIA.BO,BSE,equity,Satia Industries Limited
SAURASHCEM,SAURASHCEM.BO,BSE,equity,Saurashtra Cement Limited
SBGLP,SBGLP.BO,BSE,equity,Suratwwala Business Group Limited
SBIBPB,SBIBPB.BO,BSE,equity,
SBIMIDMOM,SBIMIDMOM.BO,BSE,equity,
SBIN,SBIN.BO,BSE,equity,State Bank of India
SCHAEFFLER,SCHAEFFLER.BO,BSE,equity,Schaeffler India Limited
SCHAND,SCHAND.BO,BSE,equity,S Chand And Company Limited
SCI,SCI.BO,BSE,equity,Shipping Corporation Of India Limited
SCODATUBES,SCODATUBES.BO,BSE,equity,Scoda Tubes Limited
SCPL,SCPL.BO,BSE,equity,Sheetal Cool Products Limited
SEAMECLTD,SEAMECLTD.BO,BSE,equity,Seamec Limited
SECURKLOUD,SECURKLOUD.BO,BSE,equity,SECUREKLOUD TECHNOLOGIES LIMITED
SEJALLTD,SEJALLTD.BO,BSE,equity,Sejal Glass Limited
SELMC,SELMC.BO,BSE,equity,SEL Manufacturing Company Limited
SEMAC,SEMAC.BO,BSE,equity,Semac Construction Limited
SENCO,SENCO.BO,BSE,equity,Senco Gold Limited
SENSEXADD,SENSEXADD.BO,BSE,equity,
SENSEXIETF,SENSEXIETF.BO,BSE,equity,
SESHAPAPER,SESHAPAPER.BO,BSE,equity,Seshasayee Paper and Boards Limited
SETCO,SETCO.BO,BSE,equity,Setco Automotive Limited
SETFGOLD,SETFGOLD.BO,BSE,equity,
SGFIN,SGFIN.BO,BSE,equity,SG Finserve Limited
SGL,SGL.BO,BSE,equity,STL Global Limited
SHAH,SHAH.BO,BSE,equity,Shah Metacorp Limited
SHAILY,SHAILY.BO,BSE,equity,Shaily Engineering Plastics Limited
SHAKTIPUMP,SHAKTIPUMP.BO,BSE,equity,Shakti Pumps (India) Limited
SHALPAINTS,SHALPAINTS.BO,BSE,equity,Shalimar Paints Limited
SHANTIGEAR,SHANTIGEAR.BO,BSE,equity,Shanthi Gears Limited
SHANTIGOLD,SHANTIGOLD.BO,BSE,equity,Shanti Gold International Limited
SHAREINDIA,SHAREINDIA.BO,BSE,equity,Share India Securities Limited
SHEKHAWATI,SHEKHAWATI.BO,BSE,equity,Shekhawati Industries Limited
SHILCTECH,SHILCTECH.BO,BSE,equity,Shilchar Technologies Limited
SHIVATEX,SHIVATEX.BO,BSE,equity,Shiva Texyarn Limited
SHREDIGCEM,SHREDIGCEM.BO,BSE,equity,Shree Digvijay Cement Co.Ltd
SHREECEM,SHREECEM.BO,BSE,equity,SHREE CEMENT LIMITED
SHREEPUSHK,SHREEPUSHK.BO,BSE,equity,Shree Pushkar Chemicals & Fertilisers Limited
SHREERAMA,SHREERAMA.BO,BSE,equity,Shree Rama Multi-Tech Limited
SHREYANIND,SHREYANIND.BO,BSE,equity,Shreyans Industries Limited
SHRIPISTON,SHRIPISTON.BO,BSE,equity,Shriram Pistons & Rings Limited
SHRIRAMFIN,SHRIRAMFIN.BO,BSE,equity,Shriram Finance Limited
SHYAMCENT,SHYAMCENT.BO,BSE,equity,Shyam Century Ferrous Limited
SHYAMTEL,SHYAMTEL.BO,BSE,equity,Shyam Telecom Limited
SIEMENS,SIEMENS.BO,BSE,equity,Siemens Limited
SIGACHI,SIGACHI.BO,BSE,equity,Sigachi Industries Limited
SIGIND,SIGIND.BO,BSE,equity,Signet Industries Limited
SIGMA,SIGMA.BO,BSE,equity,Sigma Solve Limited
SIGMAADV,SIGMAADV.BO,BSE,equity,SIGMA ADVANCED SYSTEMS LIMITED
SIGNATURE,SIGNATURE.BO,BSE,equity,Signatureglobal (India) Limited
SIGNPOST,SIGNPOST.BO,BSE,equity,Signpost India Limited
SILINV,SILINV.BO,BSE,equity,SIL Investments Limited
SILVER,SILVER.BO,BSE,equity,
SILVER360,SILVER360.BO,BSE,equity,
SILVERBEES,SILVERBEES.BO,BSE,equity,
SILVERBND,SILVERBND.BO,BSE,equity,
SILVERTUC,SILVERTUC.BO,BSE,equity,Silver Touch Technologies Limited
SIRCA,SIRCA.BO,BSE,equity,Sirca Paints India Limited
SIS,SIS.BO,BSE,equity,SIS LIMITED
SKFINDIA,SKFINDIA.BO,BSE,equity,SKF India Limited
SKIPPER,SKIPPER.BO,BSE,equity,Skipper Limited
SKMEGGPROD,SKMEGGPROD.BO,BSE,equity,SKM Egg Products Export (India) Limited
SKYGOLD,SKYGOLD.BO,BSE,equity,SKY GOLD AND DIAMONDS LIMITED
SMALL250,SMALL250.BO,BSE,equity,
SMALLADD,SMALLADD.BO,BSE,equity,
SMALLCAP,SMALLCAP.BO,BSE,equity,
SMARTWORKS,SMARTWORKS.BO,BSE,equity,Smartworks Coworking Spaces Limited
SMCGLOBAL,SMCGLOBAL.BO,BSE,equity,SMC Global Securities Limited
SML100CASE,SML100CASE.BO,BSE,equity,
SMLMAH,SMLMAH.BO,BSE,equity,SML Mahindra Limited
SMLT,SMLT.BO,BSE,equity,Sarthak Metals Limited
SNXT50BETA,SNXT50BETA.BO,BSE,equity,
SOBHA,SOBHA.BO,BSE,equity,Sobha Limited
SOFTTECH,SOFTTECH.BO,BSE,equity,Softtech Engineers Limited
SOLARA,SOLARA.BO,BSE,equity,Solara Active Pharma Sciences Limited
SOLARINDS,SOLARINDS.BO,BSE,equity,Solar Industries India Limited
SOMANYCERA,SOMANYCERA.BO,BSE,equity,Somany Ceramics Limited
SONACOMS,SONACOMS.BO,BSE,equity,Sona BLW Precision Forgings Limited
SOTL,SOTL.BO,BSE,equity,Savita Oil Technologies Limited
SOUTHWEST,SOUTHWEST.BO,BSE,equity,South West Pinnacle Exploration Limited
SPANDANA,SPANDANA.BO,BSE,equity,Spandana Sphoorty Financial Limited
SPARC,SPARC.BO,BSE,equity,Sun Pharma Advanced Research Company Limited
SPECIALITY,SPECIALITY.BO,BSE,equity,Speciality Restaurants Limited
SPECTRUM,SPECTRUM.BO,BSE,equity,Spectrum Electrical Industries Limited
SPENCERS,SPENCERS.BO,BSE,equity,Spencer's Retail Limited
SPIC,SPIC.BO,BSE,equity,Southern Petrochemicals Industries Corporation  Limited
SPORTKING,SPORTKING.BO,BSE,equity,Sportking India Limited
SREEL,SREEL.BO,BSE,equity,Sreeleathers Limited
SRF,SRF.BO,BSE,equity,SRF Limited
SRM,SRM.BO,BSE,equity,SRM Contractors Limited
SSDL,SSDL.BO,BSE,equity,Saraswati Saree Depot Limited
STALLION,STALLION.BO,BSE,equity,Stallion India Fluorochemicals Limited
STAR,STAR.BO,BSE,equity,Strides Pharma Science Limited
STARCEMENT,STARCEMENT.BO,BSE,equity,Star Cement Limited
STARHEALTH,STARHEALTH.BO,BSE,equity,Star Health and Allied Insurance Company Limited
STCINDIA,STCINDIA.BO,BSE,equity,The State Trading Corporation of India Limited
STEL,STEL.BO,BSE,equity,Stel Holdings Limited
STLTECH,STLTECH.BO,BSE,equity,Sterlite Technologies Limited
STUDDS,STUDDS.BO,BSE,equity,Studds Accessories Limited
STYRENIX,STYRENIX.BO,BSE,equity,Styrenix Performance Materials Limited
SUBEXLTD,SUBEXLTD.BO,BSE,equity,Subex Limited
SUBROS,SUBROS.BO,BSE,equity,Subros Limited
SUDEEPPHRM,SUDEEPPHRM.BO,BSE,equity,Sudeep Pharma Limited
SULA,SULA.BO,BSE,equity,Sula Vineyards Limited
SUMMITSEC,SUMMITSEC.BO,BSE,equity,Summit Securities Limited
SUNDARMFIN,SUNDARMFIN.BO,BSE,equity,Sundaram Finance Limited
SUNDRMFAST,SUNDRMFAST.BO,BSE,equity,Sundram Fasteners Limited
SUNDROP,SUNDROP.BO,BSE,equity,Sundrop Brands Limited
SUNTV,SUNTV.BO,BSE,equity,Sun TV Network Limited
SUPERHOUSE,SUPERHOUSE.BO,BSE,equity,Superhouse Limited
SUPREME,SUPREME.BO,BSE,equity,Supreme Holdings & Hospitality (India) Limited
SUPREMEIND,SUPREMEIND.BO,BSE,equity,Supreme Industries Limited
SUPRIYA,SUPRIYA.BO,BSE,equity,Supriya Lifescience Limited
SURAJEST,SURAJEST.BO,BSE,equity,Suraj Estate Developers Limited
SURAJLTD,SURAJLTD.BO,BSE,equity,Suraj Limited
SURAKSHA,SURAKSHA.BO,BSE,equity,Suraksha Diagnostic Limited
SURANAT&P,SURANAT&P.BO,BSE,equity,Surana Telecom and Power Limited
SURYODAY,SURYODAY.BO,BSE,equity,Suryoday Small Finance Bank Limited
SUVEN,SUVEN.BO,BSE,equity,Suven Life Sciences Limited
SUVIDHAA,SUVIDHAA.BO,BSE,equity,Suvidhaa Infoserve Limited
SUYOG,SUYOG.BO,BSE,equity,Suyog Telematics Limited
SVPGLOB,SVPGLOB.BO,BSE,equity,SVP GLOBAL TEXTILES LIMITED
SWIGGY,SWIGGY.BO,BSE,equity,Swiggy Limited
SYNCOMF,SYNCOMF.BO,BSE,equity,Syncom Formulations (India) Limited
SYRMA,SYRMA.BO,BSE,equity,Syrma SGS Technology Limited
TANLA,TANLA.BO,BSE,equity,Tanla Platforms Limited
TARMAT,TARMAT.BO,BSE,equity,Tarmat Limited
TASTYBITE,TASTYBITE.BO,BSE,equity,Tasty Bite Eatables Limited
TATACAP,TATACAP.BO,BSE,equity,Tata Capital Limited
TATACHEM,TATACHEM.BO,BSE,equity,Tata Chemicals Limited
TATASTEEL,TATASTEEL.BO,BSE,equity,Tata Steel Limited
TBZ,TBZ.BO,BSE,equity,Tribhovandas Bhimji Zaveri Limited
TCIFINANCE,TCIFINANCE.BO,BSE,equity,TCI Finance Limited
TCPLPACK,TCPLPACK.BO,BSE,equity,TCPL Packaging Limited
TEAMLEASE,TEAMLEASE.BO,BSE,equity,Teamlease Services Limited
TECH,TECH.BO,BSE,equity,
TECHNOE,TECHNOE.BO,BSE,equity,Techno Electric & Engineering Company Limited
TECILCHEM,TECILCHEM.BO,BSE,equity,TECIL Chemicals and Hydro Power Limited
TEXMOPIPES,TEXMOPIPES.BO,BSE,equity,Texmo Pipes and Products Limited
TFL,TFL.BO,BSE,equity,Transwarranty Finance Limited
TGBHOTELS,TGBHOTELS.BO,BSE,equity,TGB Banquets And Hotels Limited
THOMASCOTT,THOMASCOTT.BO,BSE,equity,Thomas Scott (India) Limited
TIGERLOGS,TIGERLOGS.BO,BSE,equity,Tiger Logistics (India) Limited
TIIL,TIIL.BO,BSE,equity,Technocraft Industries (India) Limited
TIJARIA,TIJARIA.BO,BSE,equity,Tijaria Polypipes Limited
TIMETECHNO,TIMETECHNO.BO,BSE,equity,Time Technoplast Limited
TIMKEN,TIMKEN.BO,BSE,equity,Timken India Limited
TIPSMUSIC,TIPSMUSIC.BO,BSE,equity,Tips Music Limited
TIRUMALCHM,TIRUMALCHM.BO,BSE,equity,Thirumalai Chemicals Limited
TITAN,TITAN.BO,BSE,equity,Titan Company Limited
TMB,TMB.BO,BSE,equity,Tamilnad Mercantile Bank Limited
TMPV,TMPV.BO,BSE,equity,Tata Motors Passenger Vehicles Limited
TOP20,TOP20.BO,BSE,equity,
TORNTPHARM,TORNTPHARM.BO,BSE,equity,Torrent Pharmaceuticals Limited
TPLPLASTEH,TPLPLASTEH.BO,BSE,equity,TPL Plastech Limited
TRACXN,TRACXN.BO,BSE,equity,Tracxn Technologies Limited
TRAVELFOOD,TRAVELFOOD.BO,BSE,equity,Travel Food Services Limited
TREL,TREL.BO,BSE,equity,Transindia Real Estate Limited
TRENT,TRENT.BO,BSE,equity,Trent Limited
TRIDENT,TRIDENT.BO,BSE,equity,Trident Limited
TRITURBINE,TRITURBINE.BO,BSE,equity,Triveni Turbine Limited
TTKHLTCARE,TTKHLTCARE.BO,BSE,equity,TTK Healthcare Limited
TTKPRESTIG,TTKPRESTIG.BO,BSE,equity,TTK Prestige Limited
TTML,TTML.BO,BSE,equity,Tata Teleservices (Maharashtra) Limited
TVSELECT,TVSELECT.BO,BSE,equity,TVS Electronics Limited
TVSSCS,TVSSCS.BO,BSE,equity,TVS Supply Chain Solutions Limited
TVSSRICHAK,TVSSRICHAK.BO,BSE,equity,TVS Srichakra Limited
TVTODAY,TVTODAY.BO,BSE,equity,TV Today Network Limited
TVVISION,TVVISION.BO,BSE,equity,TV Vision Limited
UFBL,UFBL.BO,BSE,equity,United Foodbrands Limited
UFLEX,UFLEX.BO,BSE,equity,UFLEX Limited
UGARSUGAR,UGARSUGAR.BO,BSE,equity,The Ugar Sugar Works Limited
ULTRACEMCO,ULTRACEMCO.BO,BSE,equity,UltraTech Cement Limited
UMAEXPORTS,UMAEXPORTS.BO,BSE,equity,Uma Exports Limited
UMESLTD,UMESLTD.BO,BSE,equity,Usha Martin Education & Solutions Limited
UNIENTER,UNIENTER.BO,BSE,equity,Uniphos Enterprises Limited
UNIMECH,UNIMECH.BO,BSE,equity,Unimech Aerospace and Manufacturing Limited
UNIONBANK,UNIONBANK.BO,BSE,equity,Union Bank of India
UNITECH,UNITECH.BO,BSE,equity,Unitech Limited
UNITEDPOLY,UNITEDPOLY.BO,BSE,equity,United Polyfab Gujarat Limited
UNIVCABLES,UNIVCABLES.BO,BSE,equity,Universal Cables Limited
UNIVPHOTO,UNIVPHOTO.BO,BSE,equity,Universus Photo Imagings Limited
UPL,UPL.BO,BSE,equity,UPL Limited
URAVIDEF,URAVIDEF.BO,BSE,equity,Uravi Defence and Technology Limited
URJA,URJA.BO,BSE,equity,Urja Global Limited
UTIAMC,UTIAMC.BO,BSE,equity,UTI Asset Management Company Limited
UTTAMSUGAR,UTTAMSUGAR.BO,BSE,equity,Uttam Sugar Mills Limited
VAKRANGEE,VAKRANGEE.BO,BSE,equity,Vakrangee Limited
VALIANTLAB,VALIANTLAB.BO,BSE,equity,Valiant Laboratories Limited
VALIANTORG,VALIANTORG.BO,BSE,equity,Valiant Organics Limited
VARDMNPOLY,VARDMNPOLY.BO,BSE,equity,Vardhman Polytex Limited
VASCONEQ,VASCONEQ.BO,BSE,equity,Vascon Engineers Limited
VENKEYS,VENKEYS.BO,BSE,equity,Venky's (India) Limited
VENTIVE,VENTIVE.BO,BSE,equity,Ventive Hospitality Limited
VENUSPIPES,VENUSPIPES.BO,BSE,equity,Venus Pipes & Tubes Limited
VESUVIUS,VESUVIUS.BO,BSE,equity,Vesuvius India Limited
VIDHIING,VIDHIING.BO,BSE,equity,Vidhi Specialty Food Ingredients Limited
VIDYAWIRES,VIDYAWIRES.BO,BSE,equity,Vidya Wires Limited
VIKASECO,VIKASECO.BO,BSE,equity,Vikas EcoTech Limited
VIKRAN,VIKRAN.BO,BSE,equity,Vikran Engineering Limited
VINDHYATEL,VINDHYATEL.BO,BSE,equity,Vindhya Telelinks Limited
VINNY,VINNY.BO,BSE,equity,Vinny Overseas Limited
VINYLINDIA,VINYLINDIA.BO,BSE,equity,Vinyl Chemicals (India) Limited
VIPCLOTHNG,VIPCLOTHNG.BO,BSE,equity,VIP Clothing Limited
VIPIND,VIPIND.BO,BSE,equity,VIP Industries Limited
VIRINCHI,VIRINCHI.BO,BSE,equity,Virinchi Limited
VIVIDHA,VIVIDHA.BO,BSE,equity,Visagar Polytex Limited
VIVIMEDLAB,VIVIMEDLAB.BO,BSE,equity,Vivimed Labs Limited
VLEGOV,VLEGOV.BO,BSE,equity,VL E-Governance & IT Solutions Limited
VMSTMT,VMSTMT.BO,BSE,equity,VMS TMT Limited
VPRPL,VPRPL.BO,BSE,equity,Vishnu Prakash R Punglia Limited
VRAJ,VRAJ.BO,BSE,equity,Vraj Iron and Steel Limited
VSTL,VSTL.BO,BSE,equity,Vibhor Steel Tubes Limited
WAAREEINDO,WAAREEINDO.BO,BSE,equity,Indosolar Limited
WALCHANNAG,WALCHANNAG.BO,BSE,equity,Walchandnagar Industries Limited
WANBURY,WANBURY.BO,BSE,equity,Wanbury Limited
WCIL,WCIL.BO,BSE,equity,Western Carriers (India) Limited
WEALTH,WEALTH.BO,BSE,equity,Wealth First Portfolio Managers Limited
WENDT,WENDT.BO,BSE,equity,Wendt (India) Limited
WESTLIFE,WESTLIFE.BO,BSE,equity,WESTLIFE FOODWORLD LIMITED
WEWORK,WEWORK.BO,BSE,equity,WeWork India Management Limited
WILLAMAGOR,WILLAMAGOR.BO,BSE,equity,Williamson Magor & Company Limited
WINDLAS,WINDLAS.BO,BSE,equity,Windlas Biotech Limited
WIPRO,WIPRO.BO,BSE,equity,Wipro Limited
WOCKPHARMA,WOCKPHARMA.BO,BSE,equity,Wockhardt Limited
WONDERLA,WONDERLA.BO,BSE,equity,Wonderla Holidays Limited
WORTH,WORTH.BO,BSE,equity,
WORTHPERI,WORTHPERI.BO,BSE,equity,Worth Peripherals Limited
WSTCSTPAPR,WSTCSTPAPR.BO,BSE,equity,West Coast Paper Mills Limited
XCHANGING,XCHANGING.BO,BSE,equity,Xchanging Solutions Limited
XPROINDIA,XPROINDIA.BO,BSE,equity,Xpro India Limited
YUKEN,YUKEN.BO,BSE,equity,Yuken India Limited
ZEELEARN,ZEELEARN.BO,BSE,equity,Zee Learn Limited
ZENITHEXPO,ZENITHEXPO.BO,BSE,equity,Zenith Exports Limited
ZENTEC,ZENTEC.BO,BSE,equity,Zen Technologies Limited
ZFCVINDIA,ZFCVINDIA.BO,BSE,equity,ZF Commercial Vehicle Control Systems India Limited
ZIMLAB,ZIMLAB.BO,BSE,equity,Zim Laboratories Limited
ZODIAC,ZODIAC.BO,BSE,equity,Zodiac Energy Limited
ZUARI,ZUARI.BO,BSE,equity,Zuari Agro Chemicals Limited
ZUARIIND,ZUARIIND.BO,BSE,equity,ZUARI INDUSTRIES LIMITED
